{
  "global": {
    "alpha": 0.8926608562469482,
    "beta": 4.016361236572266
  },
  "by_sex": {
    "female": {
      "alpha": 0.885744035243988,
      "beta": 4.422145843505859
    },
    "male": {
      "alpha": 0.9012976884841919,
      "beta": 3.514484405517578
    }
  }
}