{
  "train": {
    "overall": {
      "mae": 2.7651526927948,
      "rmse": 4.003893864310111,
      "median_ae": 1.8701972961425781,
      "within_1": 0.3256289629781141,
      "within_3": 0.6690529760687257,
      "within_5": 0.8314583759460012,
      "pearson_r": 0.956292450428009
    },
    "by_age_decade": {
      "40": {
        "mae": 2.676331043243408,
        "rmse": 3.843089721537618,
        "median_ae": 1.7624168395996094,
        "within_1": 0.3723404255319149,
        "within_3": 0.6595744680851063,
        "within_5": 0.8040780141843972,
        "pearson_r": 0.622004508972168
      },
      "60": {
        "mae": 2.8248422145843506,
        "rmse": 4.474109130497006,
        "median_ae": 1.4961776733398438,
        "within_1": 0.4144,
        "within_3": 0.6848,
        "within_5": 0.808,
        "pearson_r": 0.6186292171478271
      },
      "50": {
        "mae": 2.4253952503204346,
        "rmse": 3.5859448135733563,
        "median_ae": 1.5791053771972656,
        "within_1": 0.3474503025064823,
        "within_3": 0.7389801210025929,
        "within_5": 0.8755401901469317,
        "pearson_r": 0.6473882794380188
      },
      "30": {
        "mae": 2.5383033752441406,
        "rmse": 3.3060659144592854,
        "median_ae": 2.0614776611328125,
        "within_1": 0.2853380158033363,
        "within_3": 0.6733977172958736,
        "within_5": 0.8700614574187884,
        "pearson_r": 0.5719338655471802
      },
      "20": {
        "mae": 2.5987865924835205,
        "rmse": 3.4868861160607114,
        "median_ae": 1.9792900085449219,
        "within_1": 0.26608187134502925,
        "within_3": 0.6593567251461988,
        "within_5": 0.881578947368421,
        "pearson_r": 0.43857768177986145
      },
      "10": {
        "mae": 8.062105178833008,
        "rmse": 8.185838370570332,
        "median_ae": 7.684731483459473,
        "within_1": 0.0,
        "within_3": 0.0,
        "within_5": 0.0,
        "pearson_r": 0.09981073439121246
      },
      "80": {
        "mae": 12.090697288513184,
        "rmse": 12.128922604658861,
        "median_ae": 11.986907958984375,
        "within_1": 0.0,
        "within_3": 0.0,
        "within_5": 0.0,
        "pearson_r": 0.28406256437301636
      },
      "70": {
        "mae": 7.190886497497559,
        "rmse": 9.056745714898698,
        "median_ae": 5.057960510253906,
        "within_1": 0.042105263157894736,
        "within_3": 0.2736842105263158,
        "within_5": 0.4842105263157895,
        "pearson_r": 0.28099045157432556
      }
    },
    "by_sex": {
      "male": {
        "mae": 2.753323554992676,
        "rmse": 4.040558469715837,
        "median_ae": 1.8035650253295898,
        "within_1": 0.34072900158478603,
        "within_3": 0.6648177496038035,
        "within_5": 0.8359746434231379,
        "pearson_r": 0.9553020596504211
      },
      "female": {
        "mae": 2.7777767181396484,
        "rmse": 3.964390801174687,
        "median_ae": 1.9313888549804688,
        "within_1": 0.3095137420718816,
        "within_3": 0.6735729386892177,
        "within_5": 0.8266384778012685,
        "pearson_r": 0.9563561677932739
      }
    }
  },
  "val": {
    "overall": {
      "mae": 6.648052215576172,
      "rmse": 9.033487115468313,
      "median_ae": 4.471490859985352,
      "within_1": 0.10469798657718121,
      "within_3": 0.3818791946308725,
      "within_5": 0.5295302013422819,
      "pearson_r": 0.8200870752334595
    },
    "by_age_decade": {
      "40": {
        "mae": 4.870697498321533,
        "rmse": 6.171987489085642,
        "median_ae": 4.0918121337890625,
        "within_1": 0.11158798283261803,
        "within_3": 0.41201716738197425,
        "within_5": 0.6008583690987125,
        "pearson_r": 0.3686913251876831
      },
      "60": {
        "mae": 10.506653785705566,
        "rmse": 12.862159029015903,
        "median_ae": 10.69333267211914,
        "within_1": 0.03896103896103896,
        "within_3": 0.2597402597402597,
        "within_5": 0.3116883116883117,
        "pearson_r": 0.04991646111011505
      },
      "20": {
        "mae": 6.885672569274902,
        "rmse": 8.212255428394286,
        "median_ae": 6.170951843261719,
        "within_1": 0.08465608465608465,
        "within_3": 0.24867724867724866,
        "within_5": 0.37037037037037035,
        "pearson_r": 0.16700682044029236
      },
      "30": {
        "mae": 3.3915700912475586,
        "rmse": 4.603393397693248,
        "median_ae": 2.284351348876953,
        "within_1": 0.16233766233766234,
        "within_3": 0.6277056277056277,
        "within_5": 0.7857142857142857,
        "pearson_r": 0.28635773062705994
      },
      "10": {
        "mae": 8.449004173278809,
        "rmse": 8.735041011196522,
        "median_ae": 6.796802520751953,
        "within_1": 0.0,
        "within_3": 0.0,
        "within_5": 0.0,
        "pearson_r": NaN
      },
      "70": {
        "mae": 10.726317405700684,
        "rmse": 13.928028942904126,
        "median_ae": 5.9204254150390625,
        "within_1": 0.0,
        "within_3": 0.03669724770642202,
        "within_5": 0.44036697247706424,
        "pearson_r": -0.24558678269386292
      },
      "50": {
        "mae": 9.006656646728516,
        "rmse": 11.214141664282717,
        "median_ae": 8.30142593383789,
        "within_1": 0.09850746268656717,
        "within_3": 0.2746268656716418,
        "within_5": 0.3582089552238806,
        "pearson_r": 0.267916202545166
      },
      "80": {
        "mae": 18.586469650268555,
        "rmse": 18.66628364896644,
        "median_ae": 19.331573486328125,
        "within_1": 0.0,
        "within_3": 0.0,
        "within_5": 0.0,
        "pearson_r": NaN
      }
    },
    "by_sex": {
      "male": {
        "mae": 6.318766117095947,
        "rmse": 8.549231725608129,
        "median_ae": 3.9449462890625,
        "within_1": 0.1024390243902439,
        "within_3": 0.4146341463414634,
        "within_5": 0.5551219512195122,
        "pearson_r": 0.8363120555877686
      },
      "female": {
        "mae": 7.373898506164551,
        "rmse": 10.018606804331862,
        "median_ae": 5.313814163208008,
        "within_1": 0.10967741935483871,
        "within_3": 0.3096774193548387,
        "within_5": 0.4731182795698925,
        "pearson_r": 0.786745548248291
      }
    },
    "overall_corrected": {
      "mae": 6.45795202255249,
      "rmse": 8.831672320354798,
      "median_ae": 4.514720916748047,
      "within_1": 0.13557046979865772,
      "within_3": 0.38791946308724834,
      "within_5": 0.5335570469798657,
      "pearson_r": 0.8199973702430725
    },
    "by_age_decade_corrected": {
      "40": {
        "mae": 5.202206134796143,
        "rmse": 6.752054537584514,
        "median_ae": 4.126224517822266,
        "within_1": 0.15021459227467812,
        "within_3": 0.41201716738197425,
        "within_5": 0.5579399141630901,
        "pearson_r": 0.3651168942451477
      },
      "60": {
        "mae": 10.078113555908203,
        "rmse": 12.218487124529972,
        "median_ae": 8.918670654296875,
        "within_1": 0.05194805194805195,
        "within_3": 0.1038961038961039,
        "within_5": 0.21428571428571427,
        "pearson_r": 0.049267806112766266
      },
      "20": {
        "mae": 6.39536714553833,
        "rmse": 7.899584467136102,
        "median_ae": 5.313377380371094,
        "within_1": 0.1164021164021164,
        "within_3": 0.2962962962962963,
        "within_5": 0.4708994708994709,
        "pearson_r": 0.15775509178638458
      },
      "30": {
        "mae": 3.793658971786499,
        "rmse": 5.149603796967983,
        "median_ae": 2.5015296936035156,
        "within_1": 0.1341991341991342,
        "within_3": 0.5844155844155844,
        "within_5": 0.7489177489177489,
        "pearson_r": 0.2876285910606384
      },
      "10": {
        "mae": 6.9971923828125,
        "rmse": 7.431408864240988,
        "median_ae": 5.131866455078125,
        "within_1": 0.0,
        "within_3": 0.0,